id,created_at,updated_at,vendor_id,position,article,data,items_count,is_published,brand,ms_uuid,images_count,has_ordering_goods,archived_at,stock_synced_at,externalcode,weight,volume,code,is_serial_trackable,quantity,stock,reserve,quantity_synced_at,is_sale,is_manual_published,vk_photo_id,vk_album_id,image_ids,similar_products_ids,type,product_union_id,category_positions,union_position,stock_title,stock_description,dictionary_entity_ids,video_url,consignment_dump,meta_title,meta_keywords,meta_description,h1,cached_default_slug,show_similar_products,is_new,cached_image_url,cached_public_url,ordering_as_product_only,vk_synced_at,tasty_published_at,tasty_entry_id,selling_by_weight,weight_of_price,custom_title_translations,custom_description_translations,cached_title_translations,cached_description_translations,other_products_ids,show_other_products,cached_category_ids,main_category_id,multiple_choice,ms_stockstores,is_digital,file_url,custom_tax_type,amocrm_catalog_element_id,uuid,is_service,good_type,coupon_image_id,bitrix24_id,ordering_start_at,ordering_end_at,nomenclature_id
19,2019-03-01 07:46:14.697236,2019-08-01 11:40:04.861146,27,0,,"",0,t,,,0,f,,,,,,,f,,,,,f,t,,,{12},{},Product,,"",2,,,{},,,,,,,cycle-ring,auto,f,https://zold-prod.s3.eu-central-1.amazonaws.com/uploads/shop/27/uploads/product_image/image/12/bbb3496e-d6ff-4d45-9ed4-82a04e6931ed.jpg,https://shop-753695.constructor.avalab.io/products/19-cycle-ring,t,,,,f,,"""en""=>""Cycle Ring""","""en""=>""""","""en""=>""Cycle Ring""","""en""=>NULL",{},selected_only,{},,f,,f,,,,490982bd-ef4b-44be-a884-cbb9d6ef50b0,t,0,,,,,10
22,2019-03-01 08:14:03.507391,2019-08-01 11:40:05.171294,40,0,,"",0,t,,,0,f,,,,,,,f,,,,,f,t,,,"{15,16,17}",{},Product,,"",2796220,,,{},,,,,,,2,auto,f,https://zold-prod.s3.eu-central-1.amazonaws.com/uploads/shop/40/uploads/product_image/image/15/f23db95a-a432-4fbc-ac7d-6067b27c4039.jpg,https://shop-e34212.constructor.avalab.io/products/22-2,t,,,,f,,"""en""=>""2""","""en""=>""Размер (В х Ш х Г) 40 Х 29 Х 18 см.""","""en""=>""2""","""en""=>""Размер (В х Ш х Г) 40 Х 29 Х 18 см.""",{},selected_only,{},,f,,f,,,,9a579803-8579-43a8-9023-8cf50b400a81,t,0,,,,,13
29,2019-03-01 08:14:12.423963,2019-08-01 11:40:05.753845,40,0,,"",0,t,,,0,f,,,,,,,f,,,,,f,t,,,"{38,39,40,41}",{},Product,,"",12,,,{},,,,,,,14,auto,f,https://zold-prod.s3.eu-central-1.amazonaws.com/uploads/shop/40/uploads/product_image/image/38/811060c2-a791-449f-8cfc-079ddfca87af.jpg,https://shop-e34212.constructor.avalab.io/products/29-14,t,,,,f,,"""en""=>""14""","""en""=>""""","""en""=>""14""","""en""=>NULL",{},selected_only,{},,f,,f,,,,479fa833-51b6-4531-8496-ded440bb3920,t,0,,,,,20
41,2019-03-01 08:14:24.021829,2019-08-01 11:40:06.784412,40,0,,"",0,t,,,0,f,,,,,,,f,,,,,f,t,,,"{76,77,78}",{},Product,,"",0,,,{},,,,,,,20,auto,f,https://zold-prod.s3.eu-central-1.amazonaws.com/uploads/shop/40/uploads/product_image/image/76/1db61860-6529-47e9-a2ea-f00ba07887ed.jpg,https://shop-e34212.constructor.avalab.io/products/41-20,t,,,,f,,"""en""=>""20""","""en""=>""Размер (В х Ш х Г) 42 Х 30 Х 15 см.""","""en""=>""20""","""en""=>""Размер (В х Ш х Г) 42 Х 30 Х 15 см.""",{},selected_only,{},,f,,f,,,,6984986d-c04d-43b3-8cf5-e72389c0fe95,t,0,,,,,32
42,2019-03-01 08:29:31.57318,2019-08-01 11:40:06.908756,38,0,,"",0,f,,,0,f,,,,,,,f,,,,,f,f,,,{79},{},Product,,"",2796205,,,{},,,,,,,2-ppap,auto,f,https://zold-prod.s3.eu-central-1.amazonaws.com/uploads/shop/38/uploads/product_image/image/79/48bce9bd-6e1f-42cc-b5c7-a364b40f0ca6.png,https://shop-4cd983.constructor.avalab.io/products/42-2-ppap,t,,,,f,,"""en""=>""2 #PPAP""","""en""=>""""","""en""=>""2 #PPAP""","""en""=>NULL",{},selected_only,{},,f,,f,,,,4724908c-516e-4a90-9757-5fb90759384b,t,0,,,,,33
63,2019-03-01 09:06:24.442059,2019-08-01 11:40:08.746126,29,0,,"",0,t,,,0,f,,,,,,,f,,,,,f,t,,,"{110,111,112,113,114}",{},Product,,"",2796212,,,{},,,,,,,air-max-87-cherry-white,auto,f,https://zold-prod.s3.eu-central-1.amazonaws.com/uploads/shop/29/uploads/product_image/image/110/26c1e2ac-3b5c-44cc-b958-310480f4557f.jpg,https://shop-688756.constructor.avalab.io/products/63-air-max-87-cherry-white,t,,,,f,,"""en""=>""Air Max 87 Cherry/White""","""en""=>""""","""en""=>""Air Max 87 Cherry/White""","""en""=>NULL",{},selected_only,{},,f,,f,,,,83f8acbd-f974-40b1-9136-86e448a5f4e7,t,0,,,,,54
64,2019-03-01 09:06:25.643197,2019-08-01 11:40:08.811843,29,0,,"",0,t,,,0,f,,,,,,,f,,,,,f,t,,,"{115,116,117}",{},Product,,"",-2796202,,,{},,,,,,,nike-air-yeezy-2-red,auto,f,https://zold-prod.s3.eu-central-1.amazonaws.com/uploads/shop/29/uploads/product_image/image/115/f4c930ba-20f2-49ad-8256-d09a0d02ea52.jpg,https://shop-688756.constructor.avalab.io/products/64-nike-air-yeezy-2-red,t,,,,f,,"""en""=>""Nike Air Yeezy 2 Red""","""en""=>""""","""en""=>""Nike Air Yeezy 2 Red""","""en""=>NULL",{},selected_only,{},,f,,f,,,,5c36a0ea-f189-46a1-8117-5db5c2ce63b9,t,0,,,,,55
297,2020-06-19 12:19:53.062687,2020-06-19 12:19:53.062687,162,0,01-001,"",0,t,,,0,f,,,,,,,f,10.0,,,,f,t,,,{501},{},Product,,"",9,,,{},,,,,,,burger-extra,auto,f,https://zold-prod.s3.eu-central-1.amazonaws.com/uploads/shop/162/uploads/product_image/image/501/01_1.png,https://shop-6999de.constructor.avalab.io/products/-burger-extra,t,,,,f,,"""en""=>""Burger Extra""","""en""=>""Two big burgers with fried potatoes and vegetables""","""en""=>""Burger Extra""","""en""=>""Two big burgers with fried potatoes and vegetables""",{},selected_only,{83},83,f,,f,,,,27d93054-9f07-4d06-a621-542010f0f435,t,0,,,,,753
298,2020-06-19 12:21:33.454371,2020-06-19 12:21:56.372029,162,0,01-002,"",0,t,,,0,t,,,,,,,f,,,,,f,t,,,{502},{},Product,,"",8,,,{},,,,,,,burger,auto,f,https://zold-prod.s3.eu-central-1.amazonaws.com/uploads/shop/162/uploads/product_image/image/502/01_2.png,https://shop-6999de.constructor.avalab.io/products/298-burger,t,,,,f,,"""en""=>""Burger""","""en""=>""Standard burger with fried potatos.""","""en""=>""Burger""","""en""=>""Standard burger with fried potatos.""",{},selected_only,{83},83,f,,f,,,,3a012069-508f-4129-b622-43b160033c3b,t,0,,,,,754
299,2020-06-19 12:23:25.840245,2020-06-19 12:23:25.840245,162,0,02-001,"",0,t,,,0,f,,,,,,,f,,,,,f,t,,,{503},{},Product,,"",7,,,{},,,,,,,small-salad,auto,f,https://zold-prod.s3.eu-central-1.amazonaws.com/uploads/shop/162/uploads/product_image/image/503/02_1.png,https://shop-6999de.constructor.avalab.io/products/-small-salad,t,,,,f,,"""en""=>""Small salad""","""en""=>""Small vegetable salad""","""en""=>""Small salad""","""en""=>""Small vegetable salad""",{},selected_only,{84},84,f,,f,,,,6e6c9b32-50b5-4ac1-9cc9-9349e34ec55d,t,0,,,,,755
300,2020-06-19 12:24:21.278763,2020-06-19 12:24:21.278763,162,0,02-002,"",0,t,,,0,f,,,,,,,f,,,,,f,t,,,{504},{},Product,,"",6,,,{},,,,,,,big-salad,auto,f,https://zold-prod.s3.eu-central-1.amazonaws.com/uploads/shop/162/uploads/product_image/image/504/02_2.png,https://shop-6999de.constructor.avalab.io/products/-big-salad,t,,,,f,,"""en""=>""Big salad""","""en""=>""Big vegetable salad with potatos""","""en""=>""Big salad""","""en""=>""Big vegetable salad with potatos""",{},selected_only,{84},84,f,,f,,,,7cdede4c-ace9-4972-b04d-3cc9a082ef97,t,0,,,,,756
301,2020-06-19 12:25:43.891536,2020-06-19 12:25:43.891536,162,0,03-001,"",0,t,,,0,f,,,,,,,f,,,,,f,t,,,{505},{},Product,,"",5,,,{},,,,,,,breakfast-set-1,auto,f,https://zold-prod.s3.eu-central-1.amazonaws.com/uploads/shop/162/uploads/product_image/image/505/03_1.png,https://shop-6999de.constructor.avalab.io/products/-breakfast-set-1,t,,,,f,,"""en""=>""Breakfast set #1""","""en""=>""Breakfast set #1""","""en""=>""Breakfast set #1""","""en""=>""Breakfast set #1""",{},selected_only,{85},85,f,,f,,,,3d786a91-586f-422c-80bf-b5b1f4183ea3,t,0,,,,,757
302,2020-06-19 12:26:36.630961,2020-06-19 12:26:36.630961,162,0,03-002,"",0,t,,,0,f,,,,,,,f,,,,,f,t,,,{506},{},Product,,"",4,,,{},,,,,,,breakfast-set-2,auto,f,https://zold-prod.s3.eu-central-1.amazonaws.com/uploads/shop/162/uploads/product_image/image/506/03_2.png,https://shop-6999de.constructor.avalab.io/products/-breakfast-set-2,t,,,,f,,"""en""=>""Breakfast set #2""","""en""=>""""","""en""=>""Breakfast set #2""","""en""=>NULL",{},selected_only,{85},85,f,,f,,,,66c11faf-71c2-416b-bd04-af3e0a7f129e,t,0,,,,,758
303,2020-06-19 12:28:06.644735,2020-06-19 12:32:03.389444,162,0,04-001,"",0,t,,,0,t,,,,,,,f,,,,,f,t,,,{507},{},Product,,"",3,,,{},,,,,,,pancakes,auto,f,https://zold-prod.s3.eu-central-1.amazonaws.com/uploads/shop/162/uploads/product_image/image/507/04_1.png,https://shop-6999de.constructor.avalab.io/products/303-pancakes,t,,,,f,,"""en""=>""Pancakes""","""en""=>""Eight pancakes with caramel sauce and fruits.""","""en""=>""Pancakes""","""en""=>""Eight pancakes with caramel sauce and fruits.""",{},selected_only,{86},86,f,,f,,,,260e9ea9-1e61-431b-8a1a-a23ae55ecf42,t,0,,,,,759
306,2020-06-19 12:44:32.839358,2020-06-19 12:44:32.839358,162,0,05-002,"",0,t,,,0,f,,,,,,,f,,,,,f,t,,,{510},{},Product,,"",0,,,{},,,,,,,lemonade,auto,f,https://zold-prod.s3.eu-central-1.amazonaws.com/uploads/shop/162/uploads/product_image/image/510/05_2.png,https://shop-6999de.constructor.avalab.io/products/-lemonade,t,,,,f,,"""en""=>""Lemonade""","""en""=>""Lemonade""","""en""=>""Lemonade""","""en""=>""Lemonade""",{},selected_only,{87},87,f,,f,,,,3f8f41c5-d0f2-4523-9bae-3d730062e9a2,t,0,,,,,762
304,2020-06-19 12:30:40.364099,2020-06-19 12:31:38.794542,162,0,04-002,"",0,t,,,0,t,,,,,,,f,,,,,f,t,,,{508},{},Product,,"",2,,,{},,,,,,,cake,auto,f,https://zold-prod.s3.eu-central-1.amazonaws.com/uploads/shop/162/uploads/product_image/image/508/04_2.png,https://shop-6999de.constructor.avalab.io/products/304-cake,t,,,,f,,"""en""=>""Cake""","""en""=>""Small cake with fruits""","""en""=>""Cake""","""en""=>""Small cake with fruits""",{},selected_only,{86},86,f,,f,,,,e6b17551-6216-4ec8-85bf-ccfd5c71c7c5,t,0,,,,,760
305,2020-06-19 12:43:33.395854,2020-06-19 12:43:33.395854,162,0,05-001,"",0,t,,,0,f,,,,,,,f,,,,,f,t,,,{509},{},Product,,"",1,,,{},,,,,,,aperol-spritz,auto,f,https://zold-prod.s3.eu-central-1.amazonaws.com/uploads/shop/162/uploads/product_image/image/509/05_1.png,https://shop-6999de.constructor.avalab.io/products/-aperol-spritz,t,,,,f,,"""en""=>""Aperol Spritz""","""en""=>""<p>Aperol Spritz</p>""","""en""=>""Aperol Spritz""","""en""=>""<p>Aperol Spritz</p>""",{},selected_only,{87},87,f,,f,,,,bf36891f-9e93-4abc-abe9-059da28c2bed,t,0,,,,,761
289,2020-05-25 08:20:35.958668,2020-06-19 12:14:15.234932,162,0,6999-001,"",0,t,,,0,f,2020-06-19 12:14:15.224317,,,,,,f,,,,,f,t,,,{487},{},Product,,"",2796216,,,{},,,,,,,breakfast-for-one,auto,f,https://zold-prod.s3.eu-central-1.amazonaws.com/uploads/shop/162/uploads/product_image/image/487/image.jpeg,https://shop-6999de.constructor.avalab.io/products/289-breakfast-for-one,t,,,,f,,"""en""=>""BREAKFAST FOR ONE""","""en""=>""1 Man's oushe + Garden Fresh Vegetables + Drink""","""en""=>""BREAKFAST FOR ONE""","""en""=>""1 Man's oushe + Garden Fresh Vegetables + Drink""",{},selected_only,{81},,f,,f,,,,b1ecbc30-6528-43f8-9a59-c888c5e89942,t,0,,,,,744
290,2020-05-25 08:21:56.704413,2020-06-19 12:14:15.262084,162,0,6999-002,"",0,t,,,0,f,2020-06-19 12:14:15.252481,,,,,,f,,,,,f,t,,,{491},{},Product,,"",-2796202,,,{},,,,,,,lebanese-breakfast-for-one,auto,f,https://zold-prod.s3.eu-central-1.amazonaws.com/uploads/shop/162/uploads/product_image/image/491/image.jpeg,https://shop-6999de.constructor.avalab.io/products/290-lebanese-breakfast-for-one,t,,,,f,,"""en""=>""LEBANESE BREAKFAST FOR ONE""","""en""=>""Pan Fried Eggs + 1 Man's oushe + Garden Fresh Vegetables + Drink""","""en""=>""LEBANESE BREAKFAST FOR ONE""","""en""=>""Pan Fried Eggs + 1 Man's oushe + Garden Fresh Vegetables + Drink""",{},selected_only,{81},81,f,,f,,,,3faaa163-5b7f-452c-ad3e-00539d48af70,t,0,,,,,745
291,2020-05-25 08:23:16.237449,2020-06-19 12:14:15.287461,162,0,6999-003,"",0,t,,,0,f,2020-06-19 12:14:15.27825,,,,,,f,,,,,f,t,,,{489},{},Product,,"",13,,,{},,,,,,,breakfast-for-two,auto,f,https://zold-prod.s3.eu-central-1.amazonaws.com/uploads/shop/162/uploads/product_image/image/489/image.jpeg,https://shop-6999de.constructor.avalab.io/products/291-breakfast-for-two,t,,,,f,,"""en""=>""BREAKFAST FOR TWO""","""en""=>""Pan Fried Eggs + 2 Man's oushe + Garden Fresh Vegetables + 2 Drinks""","""en""=>""BREAKFAST FOR TWO""","""en""=>""Pan Fried Eggs + 2 Man's oushe + Garden Fresh Vegetables + 2 Drinks""",{},selected_only,{81},,f,,f,,,,507b34dc-3b4d-4484-8d66-cdba0b631ada,t,0,,,,,746
292,2020-05-25 08:24:44.735448,2020-06-19 12:14:15.31434,162,0,6999-004,"",0,t,,,0,f,2020-06-19 12:14:15.303724,,,,,,f,,,,,f,t,,,{493},{},Product,,"",12,,,{},,,,,,,lunch-meal-for-two,auto,f,https://zold-prod.s3.eu-central-1.amazonaws.com/uploads/shop/162/uploads/product_image/image/493/image.jpeg,https://shop-6999de.constructor.avalab.io/products/292-lunch-meal-for-two,t,,,,f,,"""en""=>""LUNCH MEAL FOR TWO""","""en""=>""2 Sandwiches [large] + 1/2 Portion Salad or Small Fries + 2 Drinks""","""en""=>""LUNCH MEAL FOR TWO""","""en""=>""2 Sandwiches [large] + 1/2 Portion Salad or Small Fries + 2 Drinks""",{},selected_only,{81},81,f,,f,,,,3e0ce223-cf3f-42f1-bac8-7b7e7f272cd1,t,0,,,,,747
293,2020-05-25 09:18:59.39883,2020-06-19 12:14:15.338759,162,0,6999-005,"",0,t,,,0,f,2020-06-19 12:14:15.328387,,,,,,f,,,,,f,t,,,{495},{},Product,,"",11,,,{},,,,,,,caesar-salad,auto,f,https://zold-prod.s3.eu-central-1.amazonaws.com/uploads/shop/162/uploads/product_image/image/495/image.jpeg,https://shop-6999de.constructor.avalab.io/products/293-caesar-salad,t,,,,f,,"""en""=>""CAESAR SALAD""","""en""=>""""","""en""=>""CAESAR SALAD""","""en""=>NULL",{},selected_only,{74},,f,,f,,,,8dd0fe1a-743d-456a-9fb0-b033cf8d317d,t,0,,,,,748
294,2020-05-25 09:20:15.252742,2020-06-19 12:14:15.367422,162,0,6999-006,"",0,t,,,0,f,2020-06-19 12:14:15.353961,,,,,,f,,,,,f,t,,,{497},{},Product,,"",10,,,{},,,,,,,vegeteriam-pizza,auto,f,https://zold-prod.s3.eu-central-1.amazonaws.com/uploads/shop/162/uploads/product_image/image/497/image.jpeg,https://shop-6999de.constructor.avalab.io/products/294-vegeteriam-pizza,t,,,,f,,"""en""=>""VEGETERIAM PIZZA""","""en""=>""""","""en""=>""VEGETERIAM PIZZA""","""en""=>NULL",{},selected_only,{77},,f,,f,,,,8e72c63b-274f-4cd3-9a52-afde28c27727,t,0,,,,,749
20,2019-03-01 07:46:14.9486,2019-08-01 11:40:05.006998,27,0,,"",0,t,,,0,f,,,,,,,f,,,,,f,t,,,{13},{},Product,,"",1,,,{},,,,,,,d-ring,auto,f,https://zold-prod.s3.eu-central-1.amazonaws.com/uploads/shop/27/uploads/product_image/image/13/67089346-5223-4275-928f-e23e099ad163.jpg,https://shop-753695.constructor.avalab.io/products/20-d-ring,t,,,,f,,"""en""=>""D-ring""","""en""=>""""","""en""=>""D-ring""","""en""=>NULL",{},selected_only,{},,f,,f,,,,c0b7a23e-6923-4413-a2a1-624b384351d3,t,0,,,,,11
21,2019-03-01 07:46:15.134835,2019-08-01 11:40:05.088127,27,0,,"",0,t,,,0,f,,,,,,,f,,,,,f,t,,,{14},{},Product,,"",0,,,{},,,,,,,king-ring,auto,f,https://zold-prod.s3.eu-central-1.amazonaws.com/uploads/shop/27/uploads/product_image/image/14/7a83859b-220a-4720-9513-bbe8a0facdca.jpg,https://shop-753695.constructor.avalab.io/products/21-king-ring,t,,,,f,,"""en""=>""King Ring""","""en""=>""""","""en""=>""King Ring""","""en""=>NULL",{},selected_only,{},,f,,f,,,,6e315d67-b8e4-49ae-ac3d-7c17968f3d2f,t,0,,,,,12
15,2019-03-01 07:46:13.762369,2019-08-01 11:40:04.588014,27,0,,"",0,t,,,0,f,,,,,,,f,,,,,f,t,,,{8},{},Product,,"",6,,,{},,,,,,,short,auto,f,https://zold-prod.s3.eu-central-1.amazonaws.com/uploads/shop/27/uploads/product_image/image/8/4fa91eb0-c532-4711-94c1-8e3ae30f55cb.jpg,https://shop-753695.constructor.avalab.io/products/15-short,t,,,,f,,"""en""=>""Short""","""en""=>""""","""en""=>""Short""","""en""=>NULL",{},selected_only,{},,f,,f,,,,92639d15-27f0-4d62-8555-b05c08ead179,t,0,,,,,6
16,2019-03-01 07:46:13.999267,2019-08-01 11:40:04.652317,27,0,,"",0,t,,,0,f,,,,,,,f,,,,,f,t,,,{9},{},Product,,"",5,,,{},,,,,,,small,auto,f,https://zold-prod.s3.eu-central-1.amazonaws.com/uploads/shop/27/uploads/product_image/image/9/09f61d99-4d8e-483d-b510-4ba842cb9956.jpg,https://shop-753695.constructor.avalab.io/products/16-small,t,,,,f,,"""en""=>""Small""","""en""=>""""","""en""=>""Small""","""en""=>NULL",{},selected_only,{},,f,,f,,,,06bd85f9-fe06-41ce-93e1-98c95075b120,t,0,,,,,7
17,2019-03-01 07:46:14.221804,2019-08-01 11:40:04.724133,27,0,,"",0,t,,,0,f,,,,,,,f,,,,,f,t,,,{10},{},Product,,"",4,,,{},,,,,,,bracelet,auto,f,https://zold-prod.s3.eu-central-1.amazonaws.com/uploads/shop/27/uploads/product_image/image/10/094b7ac4-d694-4fc7-91bc-fc0a10a086a2.jpg,https://shop-753695.constructor.avalab.io/products/17-bracelet,t,,,,f,,"""en""=>""Bracelet""","""en""=>""""","""en""=>""Bracelet""","""en""=>NULL",{},selected_only,{},,f,,f,,,,bc083a20-70a6-4507-ba57-7d795c77354e,t,0,,,,,8
18,2019-03-01 07:46:14.45088,2019-08-01 11:40:04.795455,27,0,,"",0,t,,,0,f,,,,,,,f,,,,,f,t,,,{11},{},Product,,"",3,,,{},,,,,,,cycle,auto,f,https://zold-prod.s3.eu-central-1.amazonaws.com/uploads/shop/27/uploads/product_image/image/11/373697b1-b298-4689-88d4-cec234d823e7.jpg,https://shop-753695.constructor.avalab.io/products/18-cycle,t,,,,f,,"""en""=>""Cycle""","""en""=>""""","""en""=>""Cycle""","""en""=>NULL",{},selected_only,{},,f,,f,,,,b60a8ee5-25e5-4f18-8073-7518a9d2fb92,t,0,,,,,9
75,2019-03-01 09:16:09.066824,2019-08-01 11:40:09.678196,24,0,,"",0,t,,,0,f,,,,,,,f,,,,,f,t,,,{176},{},Product,,"",2796206,,,{},,,,,,,d-113,auto,f,https://zold-prod.s3.eu-central-1.amazonaws.com/uploads/shop/24/uploads/product_image/image/176/655ba2fa-c5d1-441c-b429-e30df97dce6b.jpg,https://shop-9e9030.constructor.avalab.io/products/75-d-113,t,,,,f,,"""en""=>""D - 113""","""en""=>""""","""en""=>""D - 113""","""en""=>NULL",{},selected_only,{},,f,,f,,,,8745e296-88ba-419c-ad63-74b1ca697188,t,0,,,,,66
76,2019-03-01 09:16:09.205741,2019-08-01 11:40:09.745383,24,0,,"",0,t,,,0,f,,,,,,,f,,,,,f,t,,,{177},{},Product,,"",-2796202,,,{},,,,,,,d-18-2,auto,f,https://zold-prod.s3.eu-central-1.amazonaws.com/uploads/shop/24/uploads/product_image/image/177/25f102dd-c9fb-481f-81ae-4abd97008702.jpg,https://shop-9e9030.constructor.avalab.io/products/76-d-18-2,t,,,,f,,"""en""=>""D - 18/2""","""en""=>""""","""en""=>""D - 18/2""","""en""=>NULL",{},selected_only,{},,f,,f,,,,f962b7cf-0fa1-4ceb-ab30-86f84df0a1cb,t,0,,,,,67
77,2019-03-01 09:16:09.34951,2019-08-01 11:40:09.82082,24,0,,"",0,t,,,0,f,,,,,,,f,,,,,f,t,,,{178},{},Product,,"",3,,,{},,,,,,,d-96,auto,f,https://zold-prod.s3.eu-central-1.amazonaws.com/uploads/shop/24/uploads/product_image/image/178/98575995-16bb-48d6-93e8-517519630248.jpg,https://shop-9e9030.constructor.avalab.io/products/77-d-96,t,,,,f,,"""en""=>""D - 96""","""en""=>""""","""en""=>""D - 96""","""en""=>NULL",{},selected_only,{},,f,,f,,,,2d77569e-065a-4287-936d-737ab4820e80,t,0,,,,,68
78,2019-03-01 09:16:09.483289,2019-08-01 11:40:09.912498,24,0,,"",0,t,,,0,f,,,,,,,f,,,,,f,t,,,{179},{},Product,,"",2,,,{},,,,,,,d-99,auto,f,https://zold-prod.s3.eu-central-1.amazonaws.com/uploads/shop/24/uploads/product_image/image/179/265daee6-64be-4303-acf2-5f35da4cd0c5.jpg,https://shop-9e9030.constructor.avalab.io/products/78-d-99,t,,,,f,,"""en""=>""D - 99""","""en""=>""""","""en""=>""D - 99""","""en""=>NULL",{},selected_only,{},,f,,f,,,,43853517-da57-43c9-a274-d098792f7571,t,0,,,,,69
79,2019-03-01 09:16:09.617028,2019-08-01 11:40:10.001501,24,0,,"",0,t,,,0,f,,,,,,,f,,,,,f,t,,,{180},{},Product,,"",1,,,{},,,,,,,d-104,auto,f,https://zold-prod.s3.eu-central-1.amazonaws.com/uploads/shop/24/uploads/product_image/image/180/16a5bb76-8f7a-42bd-a1a2-1d430cf0d6bb.jpg,https://shop-9e9030.constructor.avalab.io/products/79-d-104,t,,,,f,,"""en""=>""D - 104""","""en""=>""""","""en""=>""D - 104""","""en""=>NULL",{},selected_only,{},,f,,f,,,,1f135ede-7db4-4257-8524-ee2b147e0462,t,0,,,,,70
80,2019-03-01 09:16:09.722878,2019-08-01 11:40:10.080928,24,0,,"",0,t,,,0,f,,,,,,,f,,,,,f,t,,,{181},{},Product,,"",0,,,{},,,,,,,d-112,auto,f,https://zold-prod.s3.eu-central-1.amazonaws.com/uploads/shop/24/uploads/product_image/image/181/d106dcf5-b417-4f1b-9728-8ec4a3843d88.jpg,https://shop-9e9030.constructor.avalab.io/products/80-d-112,t,,,,f,,"""en""=>""D - 112""","""en""=>""""","""en""=>""D - 112""","""en""=>NULL",{},selected_only,{},,f,,f,,,,d597ea65-7582-44b6-89f4-f9392e7e07b8,t,0,,,,,71
65,2019-03-01 09:06:26.508863,2019-08-01 11:40:08.879067,29,0,,"",0,t,,,0,f,,,,,,,f,,,,,f,t,,,"{118,119}",{},Product,,"",9,,,{},,,,,,,kedy-adidas-gazelle-og,auto,f,https://zold-prod.s3.eu-central-1.amazonaws.com/uploads/shop/29/uploads/product_image/image/118/51d43a04-9fa3-45d3-8441-3fdab2e483e4.jpg,https://shop-688756.constructor.avalab.io/products/65-kedy-adidas-gazelle-og,t,,,,f,,"""en""=>""Кеды Adidas Gazelle OG""","""en""=>""""","""en""=>""Кеды Adidas Gazelle OG""","""en""=>NULL",{},selected_only,{},,f,,f,,,,27802108-614b-4f04-b099-dd95e67152f7,t,0,,,,,56
66,2019-03-01 09:06:27.097477,2019-08-01 11:40:08.943981,29,0,,"",0,t,,,0,f,,,,,,,f,,,,,f,t,,,"{120,121,122,123,124,125,126,127,128,129,130,131,132,133,134,135,136,137,138,139,140,141,142,143,144,145,146,147}",{},Product,,"",8,,,{},,,,,,,adidas-porsche-design,auto,f,https://zold-prod.s3.eu-central-1.amazonaws.com/uploads/shop/29/uploads/product_image/image/120/00969ff5-0edf-4104-861c-8c9942e2f07a.jpg,https://shop-688756.constructor.avalab.io/products/66-adidas-porsche-design,t,,,,f,,"""en""=>""Adidas Porsche Design""","""en""=>""""","""en""=>""Adidas Porsche Design""","""en""=>NULL",{},selected_only,{},,f,,f,,,,8d672eb4-cadf-4475-af63-b89a6d5d22f5,t,0,,,,,57
67,2019-03-01 09:06:33.713311,2019-08-01 11:40:09.010096,29,0,,"",0,t,,,0,f,,,,,,,f,,,,,f,t,,,"{148,149,150,151}",{},Product,,"",7,,,{},,,,,,,adidas-springblade-2-0,auto,f,https://zold-prod.s3.eu-central-1.amazonaws.com/uploads/shop/29/uploads/product_image/image/148/856f4d5f-c31c-4351-956f-1ea50e3caccd.jpg,https://shop-688756.constructor.avalab.io/products/67-adidas-springblade-2-0,t,,,,f,,"""en""=>""Adidas Springblade 2.0""","""en""=>""""","""en""=>""Adidas Springblade 2.0""","""en""=>NULL",{},selected_only,{},,f,,f,,,,c796b4ca-aa53-453a-be58-6e619389bb69,t,0,,,,,58
68,2019-03-01 09:06:34.76454,2019-08-01 11:40:09.147225,29,0,,"",0,t,,,0,f,,,,,,,f,,,,,f,t,,,"{152,153,154,155,156}",{},Product,,"",6,,,{},,,,,,,reebok-classic-black,auto,f,https://zold-prod.s3.eu-central-1.amazonaws.com/uploads/shop/29/uploads/product_image/image/152/768735ac-3ab8-4ff5-bc4b-74bc1a8cdf58.JPG,https://shop-688756.constructor.avalab.io/products/68-reebok-classic-black,t,,,,f,,"""en""=>""Reebok Classic Black""","""en""=>""""","""en""=>""Reebok Classic Black""","""en""=>NULL",{},selected_only,{},,f,,f,,,,d579b149-26e4-432f-ab50-854c9aff7cae,t,0,,,,,59
69,2019-03-01 09:06:35.957716,2019-08-01 11:40:09.213104,29,0,,"",0,t,,,0,f,,,,,,,f,,,,,f,t,,,"{157,158,159,160,161}",{},Product,,"",5,,,{},,,,,,,reebok-classic-leather-utility-clubblue,auto,f,https://zold-prod.s3.eu-central-1.amazonaws.com/uploads/shop/29/uploads/product_image/image/157/c84158d5-c08c-4f83-8f0f-1fbf81b92ecf.jpg,https://shop-688756.constructor.avalab.io/products/69-reebok-classic-leather-utility-clubblue,t,,,,f,,"""en""=>""Reebok Classic Leather Utility ClubBlue""","""en""=>""""","""en""=>""Reebok Classic Leather Utility ClubBlue""","""en""=>NULL",{},selected_only,{},,f,,f,,,,0ad8dbc6-6c73-4957-a1d7-e3279492f45c,t,0,,,,,60
70,2019-03-01 09:06:37.223266,2019-08-01 11:40:09.287229,29,0,,"",0,t,,,0,f,,,,,,,f,,,,,f,t,,,"{162,163,164,165}",{},Product,,"",4,,,{},,,,,,,reebok-classic-white,auto,f,https://zold-prod.s3.eu-central-1.amazonaws.com/uploads/shop/29/uploads/product_image/image/162/87030486-46e7-4343-8c77-e2e30f5b966b.jpg,https://shop-688756.constructor.avalab.io/products/70-reebok-classic-white,t,,,,f,,"""en""=>""Reebok Classic White""","""en""=>""""","""en""=>""Reebok Classic White""","""en""=>NULL",{},selected_only,{},,f,,f,,,,95fe6745-654b-41d5-a565-e2ec542edf60,t,0,,,,,61
71,2019-03-01 09:06:38.074783,2019-08-01 11:40:09.368207,29,0,,"",0,t,,,0,f,,,,,,,f,,,,,f,t,,,"{166,167,168}",{},Product,,"",3,,,{},,,,,,,y-3-qasa-racer-all-black,auto,f,https://zold-prod.s3.eu-central-1.amazonaws.com/uploads/shop/29/uploads/product_image/image/166/6fd09363-bdb4-40e1-85b1-679d9247b070.jpg,https://shop-688756.constructor.avalab.io/products/71-y-3-qasa-racer-all-black,t,,,,f,,"""en""=>""Y-3 Qasa Racer All Black""","""en""=>""""","""en""=>""Y-3 Qasa Racer All Black""","""en""=>NULL",{},selected_only,{},,f,,f,,,,f26ca8a1-b648-442e-9b36-d713e0f8e821,t,0,,,,,62
72,2019-03-01 09:06:38.765018,2019-08-01 11:40:09.440378,29,0,,"",0,t,,,0,f,,,,,,,f,,,,,f,t,,,"{169,170,171}",{},Product,,"",2,,,{},,,,,,,y-3-qasa-racer-all-black-hihg,auto,f,https://zold-prod.s3.eu-central-1.amazonaws.com/uploads/shop/29/uploads/product_image/image/169/71f2f8ec-6f60-4814-9ad6-938ed62251d6.jpg,https://shop-688756.constructor.avalab.io/products/72-y-3-qasa-racer-all-black-hihg,t,,,,f,,"""en""=>""Y-3 Qasa Racer All Black Hihg""","""en""=>""""","""en""=>""Y-3 Qasa Racer All Black Hihg""","""en""=>NULL",{},selected_only,{},,f,,f,,,,c3794c37-e122-4022-a693-6de740833066,t,0,,,,,63
73,2019-03-01 09:06:39.514224,2019-08-01 11:40:09.511652,29,0,,"",0,t,,,0,f,,,,,,,f,,,,,f,t,,,"{172,173}",{},Product,,"",1,,,{},,,,,,,nike-air-max-90-pink-white,auto,f,https://zold-prod.s3.eu-central-1.amazonaws.com/uploads/shop/29/uploads/product_image/image/172/8aebe7e6-f426-4c06-8394-fd970360e87b.jpg,https://shop-688756.constructor.avalab.io/products/73-nike-air-max-90-pink-white,t,,,,f,,"""en""=>""Nike Air Max 90 Pink/White""","""en""=>""""","""en""=>""Nike Air Max 90 Pink/White""","""en""=>NULL",{},selected_only,{},,f,,f,,,,c6ec10dd-f671-4e97-8f24-5d40a347d1b6,t,0,,,,,64
74,2019-03-01 09:06:39.943194,2019-08-01 11:40:09.586372,29,0,,"",0,t,,,0,f,,,,,,,f,,,,,f,t,,,"{174,175}",{},Product,,"",0,,,{},,,,,,,nike-air-yeezy-2-grey-pink,auto,f,https://zold-prod.s3.eu-central-1.amazonaws.com/uploads/shop/29/uploads/product_image/image/174/34be5ba8-a1cd-4a9a-a8a7-ca03d032ed35.jpg,https://shop-688756.constructor.avalab.io/products/74-nike-air-yeezy-2-grey-pink,t,,,,f,,"""en""=>""Nike Air Yeezy 2 Grey/Pink""","""en""=>""""","""en""=>""Nike Air Yeezy 2 Grey/Pink""","""en""=>NULL",{},selected_only,{},,f,,f,,,,f4f79e1b-23f1-42e2-9ac6-732395a87f6a,t,0,,,,,65
81,2019-03-01 09:20:02.197516,2019-08-01 11:40:10.1703,33,0,,"",0,t,,,0,f,,,,,,,f,,,,,f,t,,,{182},{},Product,,"",2796205,,,{},,,,,,,1,auto,f,https://zold-prod.s3.eu-central-1.amazonaws.com/uploads/shop/33/uploads/product_image/image/182/06014c31-da13-409d-9cb0-0f4970c480a8.png,https://shop-ab5b9c.constructor.avalab.io/products/81-1,t,,,,f,,"""en""=>""1""","""en""=>""""","""en""=>""1""","""en""=>NULL",{},selected_only,{},,f,,f,,,,0cddac97-0ee4-4423-9b18-90e226231f96,t,0,,,,,72
82,2019-03-01 09:20:02.379794,2019-08-01 11:40:10.242551,33,0,,"",0,t,,,0,f,,,,,,,f,,,,,f,t,,,{183},{},Product,,"",-2796202,,,{},,,,,,,2,auto,f,https://zold-prod.s3.eu-central-1.amazonaws.com/uploads/shop/33/uploads/product_image/image/183/546124f1-ec21-44ca-82df-a6c707c391ec.png,https://shop-ab5b9c.constructor.avalab.io/products/82-2,t,,,,f,,"""en""=>""2""","""en""=>""""","""en""=>""2""","""en""=>NULL",{},selected_only,{},,f,,f,,,,2b82743c-9efd-4ba3-bc81-92ae262f2b39,t,0,,,,,73
44,2019-03-01 08:29:32.495713,2019-08-01 11:40:07.187081,38,0,,"",0,t,,,0,f,,,,,,,f,,,,,f,t,,,"{81,82,83,84}",{},Product,,"",2,,,{},,,,,,,5,auto,f,https://zold-prod.s3.eu-central-1.amazonaws.com/uploads/shop/38/uploads/product_image/image/81/d6922209-7284-4506-a3fa-c5e8abd74bbb.jpg,https://shop-4cd983.constructor.avalab.io/products/44-5,t,,,,f,,"""en""=>""5""","""en""=>""""","""en""=>""5""","""en""=>NULL",{},selected_only,{},,f,,f,,,,136061e3-c990-402f-bf8c-8af8212bed63,t,0,,,,,35
45,2019-03-01 08:29:33.499526,2019-08-01 11:40:07.301794,38,0,,"",0,t,,,0,f,,,,,,,f,,,,,f,t,,,"{85,86,87,88}",{},Product,,"",1,,,{},,,,,,,4,auto,f,https://zold-prod.s3.eu-central-1.amazonaws.com/uploads/shop/38/uploads/product_image/image/85/47f98c6c-45ca-4911-9ff2-082f90288d50.jpg,https://shop-4cd983.constructor.avalab.io/products/45-4,t,,,,f,,"""en""=>""4""","""en""=>""""","""en""=>""4""","""en""=>NULL",{},selected_only,{},,f,,f,,,,9a7793a3-fedd-405e-8758-1677e4451cb8,t,0,,,,,36
46,2019-03-01 08:29:34.483897,2019-08-01 11:40:07.431797,38,0,,"",0,t,,,0,f,,,,,,,f,,,,,f,t,,,"{89,90,91,92}",{},Product,,"",0,,,{},,,,,,,3-ppap,auto,f,https://zold-prod.s3.eu-central-1.amazonaws.com/uploads/shop/38/uploads/product_image/image/89/9607f4b3-80f8-409e-a48a-b31a084797e3.jpg,https://shop-4cd983.constructor.avalab.io/products/46-3-ppap,t,,,,f,,"""en""=>""3 PPAP!""","""en""=>""""","""en""=>""3 PPAP!""","""en""=>NULL",{},selected_only,{},,f,,f,,,,d49a910f-7856-451c-b528-f3885ebe40b4,t,0,,,,,37
48,2019-03-01 08:41:53.251119,2019-08-01 11:40:07.696352,39,0,,"",0,t,,,0,f,,,,,,,f,,,,,f,t,,,{95},{},Product,,"",2796209,,,{},,,,,,,8,auto,f,https://zold-prod.s3.eu-central-1.amazonaws.com/uploads/shop/39/uploads/product_image/image/95/55499ba9-3ecb-4e14-a249-726819edbff2.jpg,https://shop-b2e69a.constructor.avalab.io/products/48-8,t,,,,f,,"""en""=>""8""","""en""=>""""","""en""=>""8""","""en""=>NULL",{},selected_only,{},,f,,f,,,,7c627116-0fab-44ec-b9d2-c1679cd57259,t,0,,,,,39
57,2019-03-01 08:47:56.715873,2019-08-01 11:40:08.354207,36,0,,"",0,t,,,0,f,,,,,,,f,,,,,f,t,,,{104},{},Product,,"",2796206,,,{},,,,,,,2,auto,f,https://zold-prod.s3.eu-central-1.amazonaws.com/uploads/shop/36/uploads/product_image/image/104/5cbae186-fb75-4395-bca5-64edee7e4e35.jpeg,https://shop-a39acf.constructor.avalab.io/products/57-2,t,,,,f,,"""en""=>""2""","""en""=>""""","""en""=>""2""","""en""=>NULL",{},selected_only,{},,f,,f,,,,7ce8ac9b-4f78-4524-a2db-3ded7af461f7,t,0,,,,,48
58,2019-03-01 08:47:56.992591,2019-08-01 11:40:08.423458,36,0,,"",0,t,,,0,f,,,,,,,f,,,,,f,t,,,{105},{},Product,,"",-2796202,,,{},,,,,,,3,auto,f,https://zold-prod.s3.eu-central-1.amazonaws.com/uploads/shop/36/uploads/product_image/image/105/0742ca66-e502-45d9-a6b8-75d9f9b05265.jpeg,https://shop-a39acf.constructor.avalab.io/products/58-3,t,,,,f,,"""en""=>""3""","""en""=>""""","""en""=>""3""","""en""=>NULL",{},selected_only,{},,f,,f,,,,cfd1da2c-0dfb-4e4c-adfb-c51505954079,t,0,,,,,49
59,2019-03-01 08:47:57.392141,2019-08-01 11:40:08.488014,36,0,,"",0,t,,,0,f,,,,,,,f,,,,,f,t,,,{106},{},Product,,"",3,,,{},,,,,,,1,auto,f,https://zold-prod.s3.eu-central-1.amazonaws.com/uploads/shop/36/uploads/product_image/image/106/3028447c-b15c-4282-815b-8c0da05e0bf5.jpeg,https://shop-a39acf.constructor.avalab.io/products/59-1,t,,,,f,,"""en""=>""1""","""en""=>""""","""en""=>""1""","""en""=>NULL",{},selected_only,{},,f,,f,,,,29c10b66-8519-498b-a85e-d484bf186baf,t,0,,,,,50
60,2019-03-01 08:47:57.703263,2019-08-01 11:40:08.55044,36,0,,"",0,t,,,0,f,,,,,,,f,,,,,f,t,,,{107},{},Product,,"",2,,,{},,,,,,,5,auto,f,https://zold-prod.s3.eu-central-1.amazonaws.com/uploads/shop/36/uploads/product_image/image/107/986df03a-7436-4a47-abc3-b17f43579dc4.jpeg,https://shop-a39acf.constructor.avalab.io/products/60-5,t,,,,f,,"""en""=>""5""","""en""=>""""","""en""=>""5""","""en""=>NULL",{},selected_only,{},,f,,f,,,,1dbde62d-3bec-406f-8482-3ca9e50f70fe,t,0,,,,,51
61,2019-03-01 08:47:57.970071,2019-08-01 11:40:08.610332,36,0,,"",0,t,,,0,f,,,,,,,f,,,,,f,t,,,{108},{},Product,,"",1,,,{},,,,,,,4,auto,f,https://zold-prod.s3.eu-central-1.amazonaws.com/uploads/shop/36/uploads/product_image/image/108/51f00ed4-4e51-4f61-aea4-9943b86bca09.jpeg,https://shop-a39acf.constructor.avalab.io/products/61-4,t,,,,f,,"""en""=>""4""","""en""=>""""","""en""=>""4""","""en""=>NULL",{},selected_only,{},,f,,f,,,,be183797-f5eb-446c-8ff6-ba5989f8c2aa,t,0,,,,,52
62,2019-03-01 08:47:58.266095,2019-08-01 11:40:08.679748,36,0,,"",0,t,,,0,f,,,,,,,f,,,,,f,t,,,{109},{},Product,,"",0,,,{},,,,,,,6,auto,f,https://zold-prod.s3.eu-central-1.amazonaws.com/uploads/shop/36/uploads/product_image/image/109/57603666-43cc-4a24-895d-a307de4ef988.jpeg,https://shop-a39acf.constructor.avalab.io/products/62-6,t,,,,f,,"""en""=>""6""","""en""=>""""","""en""=>""6""","""en""=>NULL",{},selected_only,{},,f,,f,,,,16aff2ab-2036-412d-a35d-bffa3c9ab516,t,0,,,,,53
83,2019-03-01 09:20:02.605616,2019-08-01 11:40:10.317556,33,0,,"",0,t,,,0,f,,,,,,,f,,,,,f,t,,,{184},{},Product,,"",2,,,{},,,,,,,3,auto,f,https://zold-prod.s3.eu-central-1.amazonaws.com/uploads/shop/33/uploads/product_image/image/184/c5a90a11-c387-44d6-afea-9af6eb948911.png,https://shop-ab5b9c.constructor.avalab.io/products/83-3,t,,,,f,,"""en""=>""3""","""en""=>""""","""en""=>""3""","""en""=>NULL",{},selected_only,{},,f,,f,,,,38907aff-b73d-4007-96e1-622cee459641,t,0,,,,,74
84,2019-03-01 09:20:02.80817,2019-08-01 11:40:10.390128,33,0,,"",0,t,,,0,f,,,,,,,f,,,,,f,t,,,{185},{},Product,,"",1,,,{},,,,,,,4,auto,f,https://zold-prod.s3.eu-central-1.amazonaws.com/uploads/shop/33/uploads/product_image/image/185/2a807562-5ff0-4db1-8617-504642908922.png,https://shop-ab5b9c.constructor.avalab.io/products/84-4,t,,,,f,,"""en""=>""4""","""en""=>""""","""en""=>""4""","""en""=>NULL",{},selected_only,{},,f,,f,,,,a42ed38f-f515-446e-9d16-12c030dd6b34,t,0,,,,,75
85,2019-03-01 09:20:02.981747,2019-08-01 11:40:10.471516,33,0,,"",0,t,,,0,f,,,,,,,f,,,,,f,t,,,{186},{},Product,,"",0,,,{},,,,,,,5,auto,f,https://zold-prod.s3.eu-central-1.amazonaws.com/uploads/shop/33/uploads/product_image/image/186/6131e887-aaa6-4e38-8253-88908b8b5bb0.png,https://shop-ab5b9c.constructor.avalab.io/products/85-5,t,,,,f,,"""en""=>""5""","""en""=>""""","""en""=>""5""","""en""=>NULL",{},selected_only,{},,f,,f,,,,553deb8b-f565-4738-ba89-aa65acea23fc,t,0,,,,,76
23,2019-03-01 08:14:05.346941,2019-08-01 11:40:05.256747,40,0,,"",0,t,,,0,f,,,,,,,f,,,,,f,t,,,"{18,19,20}",{},Product,,"",-2796202,,,{},,,,,,,3,auto,f,https://zold-prod.s3.eu-central-1.amazonaws.com/uploads/shop/40/uploads/product_image/image/18/6f4a0dc1-f608-4ae6-ae31-1717f3232970.jpg,https://shop-e34212.constructor.avalab.io/products/23-3,t,,,,f,,"""en""=>""3""","""en""=>""Размер (В х Ш х Г) 40 Х 29 Х 18 см.""","""en""=>""3""","""en""=>""Размер (В х Ш х Г) 40 Х 29 Х 18 см.""",{},selected_only,{},,f,,f,,,,3465c594-b208-4f75-be19-2aa72808dd94,t,0,,,,,14
24,2019-03-01 08:14:06.215044,2019-08-01 11:40:05.34438,40,0,,"",0,t,,,0,f,,,,,,,f,,,,,f,t,,,"{21,22,23}",{},Product,,"",17,,,{},,,,,,,8,auto,f,https://zold-prod.s3.eu-central-1.amazonaws.com/uploads/shop/40/uploads/product_image/image/21/c9c59242-fa02-4e6d-a9e6-69ac04cb0069.jpg,https://shop-e34212.constructor.avalab.io/products/24-8,t,,,,f,,"""en""=>""8""","""en""=>""Размер (В х Ш х Г) 42 Х 27 Х 13 см.""","""en""=>""8""","""en""=>""Размер (В х Ш х Г) 42 Х 27 Х 13 см.""",{},selected_only,{},,f,,f,,,,c5ff06fd-ff93-43eb-b05e-5f48d887f940,t,0,,,,,15
25,2019-03-01 08:14:07.08385,2019-08-01 11:40:05.432361,40,0,,"",0,t,,,0,f,,,,,,,f,,,,,f,t,,,"{24,25,26}",{},Product,,"",16,,,{},,,,,,,5,auto,f,https://zold-prod.s3.eu-central-1.amazonaws.com/uploads/shop/40/uploads/product_image/image/24/a4ae6655-e582-46c8-96a5-fa827844b908.jpg,https://shop-e34212.constructor.avalab.io/products/25-5,t,,,,f,,"""en""=>""5""","""en""=>""""","""en""=>""5""","""en""=>NULL",{},selected_only,{},,f,,f,,,,09457b0e-dc20-4dfa-931c-78b1a06ca0bd,t,0,,,,,16
26,2019-03-01 08:14:08.618747,2019-08-01 11:40:05.511686,40,0,,"",0,t,,,0,f,,,,,,,f,,,,,f,t,,,"{27,28,29,30}",{},Product,,"",15,,,{},,,,,,,6,auto,f,https://zold-prod.s3.eu-central-1.amazonaws.com/uploads/shop/40/uploads/product_image/image/27/400a5107-099c-4fe8-b22d-c13c7dfdef1a.jpg,https://shop-e34212.constructor.avalab.io/products/26-6,t,,,,f,,"""en""=>""6""","""en""=>""""","""en""=>""6""","""en""=>NULL",{},selected_only,{},,f,,f,,,,7a6a862c-1632-4f8f-91db-250ea9bed787,t,0,,,,,17
27,2019-03-01 08:14:10.188163,2019-08-01 11:40:05.593038,40,0,,"",0,t,,,0,f,,,,,,,f,,,,,f,t,,,"{31,32,33}",{},Product,,"",14,,,{},,,,,,,9,auto,f,https://zold-prod.s3.eu-central-1.amazonaws.com/uploads/shop/40/uploads/product_image/image/31/5b101b3d-33b7-4b06-8622-5158ed5397ee.jpg,https://shop-e34212.constructor.avalab.io/products/27-9,t,,,,f,,"""en""=>""9""","""en""=>""""","""en""=>""9""","""en""=>NULL",{},selected_only,{},,f,,f,,,,a48eace3-f815-4fb4-b369-8161e2f13589,t,0,,,,,18
28,2019-03-01 08:14:11.188853,2019-08-01 11:40:05.662625,40,0,,"",0,t,,,0,f,,,,,,,f,,,,,f,t,,,"{34,35,36,37}",{},Product,,"",13,,,{},,,,,,,13,auto,f,https://zold-prod.s3.eu-central-1.amazonaws.com/uploads/shop/40/uploads/product_image/image/34/708b45cb-2994-4642-a558-7a9c9777718f.jpg,https://shop-e34212.constructor.avalab.io/products/28-13,t,,,,f,,"""en""=>""13""","""en""=>""""","""en""=>""13""","""en""=>NULL",{},selected_only,{},,f,,f,,,,7aa981a0-7ede-451b-af38-3f1fb9775b1c,t,0,,,,,19
49,2019-03-01 08:41:53.609359,2019-08-01 11:40:07.773599,39,0,,"",0,t,,,0,f,,,,,,,f,,,,,f,t,,,{96},{},Product,,"",-2796202,,,{},,,,,,,6,auto,f,https://zold-prod.s3.eu-central-1.amazonaws.com/uploads/shop/39/uploads/product_image/image/96/2a0fe84e-36a4-4de1-a937-ea208dd27be2.jpg,https://shop-b2e69a.constructor.avalab.io/products/49-6,t,,,,f,,"""en""=>""6""","""en""=>""""","""en""=>""6""","""en""=>NULL",{},selected_only,{},,f,,f,,,,6cb466d1-caf8-4904-94ca-80f76664d718,t,0,,,,,40
50,2019-03-01 08:41:53.933372,2019-08-01 11:40:07.842452,39,0,,"",0,t,,,0,f,,,,,,,f,,,,,f,t,,,{97},{},Product,,"",6,,,{},,,,,,,2,auto,f,https://zold-prod.s3.eu-central-1.amazonaws.com/uploads/shop/39/uploads/product_image/image/97/3946c2e3-0909-4abf-910b-e4d0f6bbf553.jpg,https://shop-b2e69a.constructor.avalab.io/products/50-2,t,,,,t,1.00,"""en""=>""2""","""en""=>""""","""en""=>""2""","""en""=>NULL",{},selected_only,{},,f,,f,,,,78175fa1-d310-4f7b-b05c-645f8f9c5e25,t,0,,,,,41
51,2019-03-01 08:41:54.203356,2019-08-01 11:40:07.922843,39,0,,"",0,t,,,0,f,,,,,,,f,,,,,f,t,,,{98},{},Product,,"",5,,,{},,,,,,,7,auto,f,https://zold-prod.s3.eu-central-1.amazonaws.com/uploads/shop/39/uploads/product_image/image/98/57a6f34e-a158-4714-90d8-20359e357052.jpg,https://shop-b2e69a.constructor.avalab.io/products/51-7,t,,,,f,,"""en""=>""7""","""en""=>""""","""en""=>""7""","""en""=>NULL",{},selected_only,{},,f,,f,,,,a408b35d-9083-4009-a346-ff4a4a72d6ef,t,0,,,,,42
52,2019-03-01 08:41:54.356969,2019-08-01 11:40:07.998284,39,0,,"",0,t,,,0,f,,,,,,,f,,,,,f,t,,,{99},{},Product,,"",4,,,{},,,,,,,9,auto,f,https://zold-prod.s3.eu-central-1.amazonaws.com/uploads/shop/39/uploads/product_image/image/99/2ae0fa65-eef3-4552-a771-2dc6200a87b3.jpg,https://shop-b2e69a.constructor.avalab.io/products/52-9,t,,,,f,,"""en""=>""9""","""en""=>""""","""en""=>""9""","""en""=>NULL",{},selected_only,{},,f,,f,,,,024e1325-3865-43e2-b659-399bcb5526f0,t,0,,,,,43
53,2019-03-01 08:41:54.545799,2019-08-01 11:40:08.075775,39,0,,"",0,t,,,0,f,,,,,,,f,,,,,f,t,,,{100},{},Product,,"",3,,,{},,,,,,,3,auto,f,https://zold-prod.s3.eu-central-1.amazonaws.com/uploads/shop/39/uploads/product_image/image/100/59b2c9e1-639d-42b1-a221-15d33a95fead.jpg,https://shop-b2e69a.constructor.avalab.io/products/53-3,t,,,,t,1.00,"""en""=>""3""","""en""=>""""","""en""=>""3""","""en""=>NULL",{},selected_only,{},,f,,f,,,,4cc2b9c8-2e4d-44b9-9271-cad655248d35,t,0,,,,,44
54,2019-03-01 08:41:54.747493,2019-08-01 11:40:08.147064,39,0,,"",0,t,,,0,f,,,,,,,f,,,,,f,t,,,{101},{},Product,,"",2,,,{},,,,,,,5,auto,f,https://zold-prod.s3.eu-central-1.amazonaws.com/uploads/shop/39/uploads/product_image/image/101/e8947e8b-18e2-474f-bbf9-ba6708bb1984.jpg,https://shop-b2e69a.constructor.avalab.io/products/54-5,t,,,,f,,"""en""=>""5""","""en""=>""""","""en""=>""5""","""en""=>NULL",{},selected_only,{},,f,,f,,,,5655b2d6-eaa2-46e8-8ad8-327dc8dd8d3a,t,0,,,,,45
55,2019-03-01 08:41:54.927202,2019-08-01 11:40:08.213257,39,0,,"",0,t,,,0,f,,,,,,,f,,,,,f,t,,,{102},{},Product,,"",1,,,{},,,,,,,1,auto,f,https://zold-prod.s3.eu-central-1.amazonaws.com/uploads/shop/39/uploads/product_image/image/102/8d4b5c5b-de1e-4dd2-b1ab-5327bbca405e.jpg,https://shop-b2e69a.constructor.avalab.io/products/55-1,t,,,,t,1.00,"""en""=>""1""","""en""=>""""","""en""=>""1""","""en""=>NULL",{},selected_only,{},,f,,f,,,,170f868d-57c2-4086-b9be-1451d71db3ba,t,0,,,,,46
56,2019-03-01 08:41:55.079275,2019-08-01 11:40:08.280849,39,0,,"",0,t,,,0,f,,,,,,,f,,,,,f,t,,,{103},{},Product,,"",0,,,{},,,,,,,4,auto,f,https://zold-prod.s3.eu-central-1.amazonaws.com/uploads/shop/39/uploads/product_image/image/103/03181ae5-f25b-4e2b-b7c3-5a90373b6291.jpg,https://shop-b2e69a.constructor.avalab.io/products/56-4,t,,,,t,1.00,"""en""=>""4""","""en""=>""""","""en""=>""4""","""en""=>NULL",{},selected_only,{},,f,,f,,,,e92a24b1-5d87-4df5-bc78-4b6aa5b25b3e,t,0,,,,,47
31,2019-03-01 08:14:14.928112,2019-08-01 11:40:05.917975,40,0,,"",0,t,,,0,f,,,,,,,f,,,,,f,t,,,"{46,47,48}",{},Product,,"",10,,,{},,,,,,,17,auto,f,https://zold-prod.s3.eu-central-1.amazonaws.com/uploads/shop/40/uploads/product_image/image/46/1e9495bb-3ca2-4e4a-a716-603638ba3976.jpg,https://shop-e34212.constructor.avalab.io/products/31-17,t,,,,f,,"""en""=>""17""","""en""=>""Размер (В х Ш х Г) 48 Х 31 Х 15 см.""","""en""=>""17""","""en""=>""Размер (В х Ш х Г) 48 Х 31 Х 15 см.""",{},selected_only,{},,f,,f,,,,a47863ea-c9f7-41f9-b81a-05816ddef977,t,0,,,,,22
32,2019-03-01 08:14:15.926035,2019-08-01 11:40:05.992262,40,0,,"",0,t,,,0,f,,,,,,,f,,,,,f,t,,,"{49,50,51}",{},Product,,"",9,,,{},,,,,,,1,auto,f,https://zold-prod.s3.eu-central-1.amazonaws.com/uploads/shop/40/uploads/product_image/image/49/de2cd2c5-6b93-4231-82ab-2643350fbab7.jpg,https://shop-e34212.constructor.avalab.io/products/32-1,t,,,,f,,"""en""=>""1""","""en""=>""Размер (В х Ш х Г) 37 Х 29 Х 12 см.""","""en""=>""1""","""en""=>""Размер (В х Ш х Г) 37 Х 29 Х 12 см.""",{},selected_only,{},,f,,f,,,,74f19e9d-4dca-45b1-ae0b-5aa615050d1e,t,0,,,,,23
34,2019-03-01 08:14:17.85351,2019-08-01 11:40:06.224649,40,0,,"",0,t,,,0,f,,,,,,,f,,,,,f,t,,,"{55,56,57}",{},Product,,"",7,,,{},,,,,,,11,auto,f,https://zold-prod.s3.eu-central-1.amazonaws.com/uploads/shop/40/uploads/product_image/image/55/dae41cc9-2b78-4cd7-948d-bb386dfd2249.jpg,https://shop-e34212.constructor.avalab.io/products/34-11,t,,,,f,,"""en""=>""11""","""en""=>""Размер (В х Ш х Г) 43 Х 31 Х 13 см.""","""en""=>""11""","""en""=>""Размер (В х Ш х Г) 43 Х 31 Х 13 см.""",{},selected_only,{},,f,,f,,,,4f246143-e960-4d8b-85f3-e9d3c9d043b9,t,0,,,,,25
35,2019-03-01 08:14:18.837862,2019-08-01 11:40:06.305074,40,0,,"",0,t,,,0,f,,,,,,,f,,,,,f,t,,,"{58,59,60}",{},Product,,"",6,,,{},,,,,,,19,auto,f,https://zold-prod.s3.eu-central-1.amazonaws.com/uploads/shop/40/uploads/product_image/image/58/3aaf8785-ab67-4a2e-976d-845f1ff4fe64.jpg,https://shop-e34212.constructor.avalab.io/products/35-19,t,,,,f,,"""en""=>""19""","""en""=>""азмер (В х Ш х Г) 42 Х 30 Х 15 см.""","""en""=>""19""","""en""=>""азмер (В х Ш х Г) 42 Х 30 Х 15 см.""",{},selected_only,{},,f,,f,,,,f81d8e62-d7b5-4b59-8b19-f8aee17f190f,t,0,,,,,26
36,2019-03-01 08:14:19.659317,2019-08-01 11:40:06.381959,40,0,,"",0,t,,,0,f,,,,,,,f,,,,,f,t,,,"{61,62,63}",{},Product,,"",5,,,{},,,,,,,4,auto,f,https://zold-prod.s3.eu-central-1.amazonaws.com/uploads/shop/40/uploads/product_image/image/61/b5b19c31-d77e-467e-8de6-26f9f4e23561.jpg,https://shop-e34212.constructor.avalab.io/products/36-4,t,,,,f,,"""en""=>""4""","""en""=>""Размер (В х Ш х Г) 43 Х 31 Х 13 см.""","""en""=>""4""","""en""=>""Размер (В х Ш х Г) 43 Х 31 Х 13 см.""",{},selected_only,{},,f,,f,,,,3a8bfde6-bbd7-43d8-95bf-05a5c12a5cdd,t,0,,,,,27
37,2019-03-01 08:14:20.49873,2019-08-01 11:40:06.460777,40,0,,"",0,t,,,0,f,,,,,,,f,,,,,f,t,,,"{64,65,66}",{},Product,,"",4,,,{},,,,,,,10,auto,f,https://zold-prod.s3.eu-central-1.amazonaws.com/uploads/shop/40/uploads/product_image/image/64/71c341e4-a59d-43c7-bc53-88c1954f58dc.jpg,https://shop-e34212.constructor.avalab.io/products/37-10,t,,,,f,,"""en""=>""10""","""en""=>""Размер (В х Ш х Г) 41 Х 30 Х 15 см.""","""en""=>""10""","""en""=>""Размер (В х Ш х Г) 41 Х 30 Х 15 см.""",{},selected_only,{},,f,,f,,,,00da71d4-895e-4153-afe3-33d1e8455227,t,0,,,,,28
38,2019-03-01 08:14:21.320238,2019-08-01 11:40:06.534511,40,0,,"",0,t,,,0,f,,,,,,,f,,,,,f,t,,,"{67,68,69}",{},Product,,"",3,,,{},,,,,,,12,auto,f,https://zold-prod.s3.eu-central-1.amazonaws.com/uploads/shop/40/uploads/product_image/image/67/b1a8da0f-5355-4fc4-a99f-8f248db2c091.jpg,https://shop-e34212.constructor.avalab.io/products/38-12,t,,,,f,,"""en""=>""12""","""en""=>""""","""en""=>""12""","""en""=>NULL",{},selected_only,{},,f,,f,,,,d2b17a7d-9a7c-4a09-8b21-d0ada8c10f3e,t,0,,,,,29
39,2019-03-01 08:14:22.337447,2019-08-01 11:40:06.602393,40,0,,"",0,t,,,0,f,,,,,,,f,,,,,f,t,,,"{70,71,72}",{},Product,,"",2,,,{},,,,,,,15,auto,f,https://zold-prod.s3.eu-central-1.amazonaws.com/uploads/shop/40/uploads/product_image/image/70/e79c02d7-93ab-4789-b91e-dcda32ca9df3.jpg,https://shop-e34212.constructor.avalab.io/products/39-15,t,,,,f,,"""en""=>""15""","""en""=>""""","""en""=>""15""","""en""=>NULL",{},selected_only,{},,f,,f,,,,21e7d793-7fb7-4cda-8250-28713b9c695b,t,0,,,,,30
40,2019-03-01 08:14:23.151408,2019-08-01 11:40:06.673547,40,0,,"",0,t,,,0,f,,,,,,,f,,,,,f,t,,,"{73,74,75}",{},Product,,"",1,,,{},,,,,,,18,auto,f,https://zold-prod.s3.eu-central-1.amazonaws.com/uploads/shop/40/uploads/product_image/image/73/0e22210e-f30c-48a6-8d40-40c40c666da0.jpg,https://shop-e34212.constructor.avalab.io/products/40-18,t,,,,f,,"""en""=>""18""","""en""=>""Размер (В х Ш х Г) 42 Х 30 Х 15 см.""","""en""=>""18""","""en""=>""Размер (В х Ш х Г) 42 Х 30 Х 15 см.""",{},selected_only,{},,f,,f,,,,dc1e3189-15f3-4d2e-854f-941056ac0051,t,0,,,,,31
14,2019-03-01 07:46:13.519706,2019-08-01 11:40:04.51567,27,0,,"",0,t,,,0,f,,,,,,,f,,,,,f,t,,,{7},{},Product,,"",-2796202,,,{},,,,,,,long,auto,f,https://zold-prod.s3.eu-central-1.amazonaws.com/uploads/shop/27/uploads/product_image/image/7/9a459d27-ecf9-4ac6-9b06-72c24bdf9b67.jpg,https://shop-753695.constructor.avalab.io/products/14-long,t,,,,f,,"""en""=>""Long""","""en""=>""""","""en""=>""Long""","""en""=>NULL",{},selected_only,{},,f,,f,,,,a319eec9-6ac1-41c9-aa92-a7fb6c10e5da,t,0,,,,,5
13,2019-03-01 07:46:13.173741,2019-08-01 11:40:04.42998,27,0,,"",0,t,,,0,f,,,,,,,f,,,,,f,t,,,{6},{},Product,,"",2796209,,,{},,,,,,,large,auto,f,https://zold-prod.s3.eu-central-1.amazonaws.com/uploads/shop/27/uploads/product_image/image/6/3f2c34b4-7f99-4b19-b64b-5add5334402d.jpg,https://shop-753695.constructor.avalab.io/products/13-large,t,,,,f,,"""en""=>""Large""","""en""=>""""","""en""=>""Large""","""en""=>NULL",{},selected_only,{},,f,,f,,,,5b139592-faf3-4799-bdb9-dd80792a14cd,t,0,,,,,4
30,2019-03-01 08:14:13.683472,2019-08-01 11:40:05.840455,40,0,,"",0,t,,,0,f,,,,,,,f,,,,,f,t,,,"{42,43,44,45}",{},Product,,"",11,,,{},,,,,,,16,auto,f,https://zold-prod.s3.eu-central-1.amazonaws.com/uploads/shop/40/uploads/product_image/image/42/27338607-995e-41f3-92c8-36f8694e8579.jpg,https://shop-e34212.constructor.avalab.io/products/30-16,t,,,,f,,"""en""=>""16""","""en""=>""""","""en""=>""16""","""en""=>NULL",{},selected_only,{},,f,,f,,,,0cb54146-0247-4728-8031-1556764a6052,t,0,,,,,21
33,2019-03-01 08:14:17.042592,2019-08-01 11:40:06.081176,40,0,,"",0,t,,,0,f,,,,,,,f,,,,,f,t,,,"{52,53,54}",{},Product,,"",8,,,{},,,,,,,7,auto,f,https://zold-prod.s3.eu-central-1.amazonaws.com/uploads/shop/40/uploads/product_image/image/52/b514f43f-3da4-4051-b448-b73151ff02a1.jpg,https://shop-e34212.constructor.avalab.io/products/33-7,t,,,,f,,"""en""=>""7""","""en""=>""Размер (В х Ш х Г) 38 Х 29 Х 13 см.
Маленький рюкзачок для маленьких леди. Выполен из качественного полиэстра с глянцевой поверхностью и ромбовидной прострочкой. Имеет два отделения на молнии основное и вспогателное, а также боковые кармашки для быстродоступных вещей.""","""en""=>""7""","""en""=>""Размер (В х Ш х Г) 38 Х 29 Х 13 см.
Маленький рюкзачок для маленьких леди. Выполен из качественного полиэстра с глянцевой поверхностью и ромбовидной прострочкой. Имеет два отделения на молнии основное и вспогателное, а также боковые кармашки для быстродоступных вещей.""",{},selected_only,{},,f,,f,,,,5d155023-c245-4cc7-b38f-1d1fdc8611d0,t,0,,,,,24
43,2019-03-01 08:29:31.980763,2019-08-01 11:40:07.052506,38,0,,"",0,f,,,0,f,,,,,,,f,,,,,f,f,,,{80},{},Product,,"",-2796202,,,{},,,,,,,1-ppap,auto,f,https://zold-prod.s3.eu-central-1.amazonaws.com/uploads/shop/38/uploads/product_image/image/80/17cad27a-5773-4c7a-82f8-9888551910ca.png,https://shop-4cd983.constructor.avalab.io/products/43-1-ppap,t,,,,f,,"""en""=>""1 PPAP""","""en""=>""""","""en""=>""1 PPAP""","""en""=>NULL",{},selected_only,{},,f,,f,,,,30edd037-5d39-4a7f-b24b-abd6dcc11b28,t,0,,,,,34
