id,name,domain,created_at,updated_at,key,mobile_subject,mobile_description,minimal_price_cents,minimal_price_currency,state,mobile_title,mobile_footer,mobile_delivery,mobile_empty_cart_alert,logo,key_item_property_id,google_login,google_password,google_import_spreadsheet_key,google_analytics_tracking_id,yandex_metrika_tracking_id,custom_append_html,subdomain,moysklad_login,moysklad_password,legal_form,stock_auto_syncing,is_stock_do_sync_categories,stock_success_synced_at,suggested_domain,currency_iso_code,support_email,sellable_infinity,domain_zone,custom_head_html,checked_dashboard_items,welcome_category_id,run_out_message,autopublicate_goods_from_stock,default_import_category_id,prefer_stock_category_when_syncing,package_category_id,manager_id,products_count,orders_count,is_published,translations_updated_at,done_orders_count,init_referer,meta_title,meta_description,meta_keywords,h1,custom_product_html,has_auto_menu,tariff_id,show_filter_availability,show_filter_price_range,init_utm_source,init_utm_campaign,init_utm_medium,init_utm_term,init_utm_content,reserve_on_linked_stock,is_stock_linked,is_ordering_stock_linked_only,cached_home_url,vk_group_id,last_signed_at,last_order_at,last_success_order_at,last_payment_at,success_orders_count,success_payments_count,blog_posts_count,total_file_size,total_orders_price_cents,total_orders_price_currency,total_success_orders_price_cents,total_success_orders_price_currency,products_updated_at,public_offer_page_id,clients_count,analytics_js,menu_updated_at,vk_export_period,vk_synced_at,ms_sale_price_name,last_utm_source,last_utm_campaign,last_utm_medium,last_utm_term,last_utm_content,last_referer,has_client_cabinet,has_wishlists,convead_app_key,selling_currencies_count,moysklad_mirror_categories_tree,tasty_exportable,tasty_tlog_id,tasty_user_token,available_currencies,default_similar_products_mode,default_product_position,clean_order_address,has_product_comments,pay_pal_enabled,pay_pal_email,remote_ip,disqus_url,custom_after_content_html,yandex_kassa_enabled,yandex_kassa_secret,yandex_kassa_shop_id,default_locale,available_locales,yandex_kassa_test_mode,negative_balance_notified_at,yandex_market_enabled,yandex_market_company,torg_mail_enabled,torg_mail_company,is_external_link_app_disabled,external_link_app_next_pay_date,title_translations,contacts_translations,pre_products_text_translations,post_products_text_translations,show_full_basket_count,rbk_money_eshop_id,rbk_money_secret,next_month_tariff_id,amocrm_company_id,amocrm_lead_id,visitor_uid,is_menu_top_desktop_sticky,paid_to,working_to,not_enough_sms_money_notify_date,sms_money_limit_reached_notify_date,sms_money_limit_to_notify,footer_menu_middle_html,partner_coupon_code,partner_coupon_id,partner_coupon_active_to,show_header_buttons_in_cart,show_next_resource_in_list,show_subscription_email,convead_send_subscription_email,is_show_filter_toggle_button,is_pre_create,shop_will_archive_notified_at,archive_reason,archived_at,registration_at,first_billing_payment_at,first_billing_payment_amount_cents,first_billing_payment_amount_currency,cache_sweeped_at,slider_images_updated_at,is_one_click_buy,is_logo_link,legal_name,https_custom_domain,ms_currencies_dump,ms_common_price_name,vendor_organization_id,order_warehouse_id,sitemap_generated_at,filter_has_ordering_by_price,aws_favicons_cache,favicons_updated_at,sorted_cart,vendor_template_id,source_vendor_id,http_cache_expires_in,enable_https_redirection,desktop_screenshot,mobile_screenshot,preview_code,published_since,use_as_example,as_example_position,desktop_screenshot_width,desktop_screenshot_height,mobile_screenshot_width,mobile_screenshot_height,cached_active_domain,tax_type,redirect_to,tax_mode,disabled_dictionary_entity_counters,max_products_in_union,stock_price_types,ms_import_images,uuid,total_file_size_at,sms_count,show_out_of_stock_products,not_available_content_translations,vendor_group_id,rbk_money_public_key,enable_client_registration,client_occupation_validation,client_company_name_validation,default_price_kind_id,sale_price_kind_id,anonymous_client_category_id,default_client_category_id,invoice_stamp_image,is_stock_do_sync_clients,is_sync_clients_create,invoice_stamp_comment,enable_ms_export_clients,show_currency_symbol,templates_count,allow_system_notification,facebook_catalog_enabled,yandex_kassa_scid,deleted_at,client_registration_button_text,not_archive,enable_custom_domain_https,ym_client_id,vats,order_fields_count,custom_max_order_items_count,custom_max_order_similar_products_count,time_zone,recommended_products_ids,show_recommended_products_cart_button,show_recommended_products_in_blog,show_recommended_products_in_cart,show_cabinet_legal_form,client_authorization_type,filter_apply_type,show_filter_clear_button,show_product_more_content,product_more_content_height,show_delivery_restriction_messages,first_published_at,last_archived_at,facebook_catalog_product_items_exported,default_cashier_id,default_branch_id,default_product_vat_group_id,meta_title_templates_translations
40,store 7,,2019-02-28 11:27:42.416153,2021-02-11 12:07:18.592998,b4a07bfec15f5dd7426ca5a7c7cfd294,,,0,USD,new,Доставка<br>пончиков,Выберите блюдо на заказ,Доставка бесплатно от 500 руб.,Выберите из списка блюдо на заказ.,c732100d-1a87-49a3-a590-aa229ac688b0.svg,,,,,,,,shop-e34212,,,unknown,f,t,,,SAR,ira@kiiiosk.ru,t,constructor.avalab.io,,{},227,,t,,t,,,20,0,f,2019-08-09 10:37:38.611928,0,http://app.constructor.avalab.io/logout,,,,,,t,,f,f,,,,,,t,f,,https://shop-e34212.constructor.avalab.io,,2020-08-21 09:00:30.135829,,,,0,0,0,108269292,0,USD,0,USD,2019-08-01 11:40:06.792154,,0,,2017-03-22 08:35:57,,,распродаж,,,,,,http://app.constructor.avalab.io/vendors,f,t,,0,t,f,,,{},auto,last,f,f,f,,94.232.63.201,,,f,,,en,{en},f,,f,,f,,f,,,,,,f,,,,,,,f,,,,,200,,,,,f,f,f,f,f,f,2019-04-05,,,2019-02-28 12:54:47.607344,,0,SAR,2019-02-28 13:36:06.81731,2019-03-01 08:20:03.303827,f,t,,,,Цена продажи|Цена интернет-магазина|Розничная цена,,,,f,{},,f,1,29,30,t,,,c361aacbe63106b2bb1ebaadc1562a40,,f,171,,,,,shop-e34212.constructor.avalab.io,,,,f,24,{},t,62504518-da88-4c13-b575-548d5ca28703,2020-09-01 00:25:05.023587,0,t,,,,f,no_presence,no_presence,35,36,35,36,,f,f,,f,f,1,t,f,,,,f,f,,{},0,,,,{},f,f,f,t,by_email_or_phone,notice,f,f,300,t,,,t,,,9,{}
38,store 5,,2019-02-28 10:53:52.593387,2021-02-11 12:07:18.468478,be9fb0e7b9636b51df4a50be72f23a97,,,0,USD,new,Доставка<br>пончиков,Выберите блюдо на заказ,Доставка бесплатно от 500 руб.,Выберите из списка блюдо на заказ.,11583ef9-cc96-465c-99b5-a3453a881d2a.svg,,,,,,,,shop-4cd983,,,unknown,f,t,,,SAR,ira@kiiiosk.ru,t,constructor.avalab.io,,{},225,,t,,t,,,5,0,f,2019-08-09 10:37:38.611928,0,http://app.constructor.avalab.io/logout,,,,,,t,,f,f,,,,,,t,f,,https://shop-4cd983.constructor.avalab.io,,2019-03-01 08:36:38.333334,,,,0,0,0,10325260,0,USD,0,USD,2019-08-01 11:40:07.443581,,0,,2017-03-22 08:35:57,,,распродаж,,,,,,http://app.constructor.avalab.io/vendors,f,t,,0,t,f,,,{},auto,last,f,f,f,,94.232.63.201,,,f,,,en,{en},f,,f,,f,,f,,,,,,f,,,,35611417,20742103,,f,,,,,200,,,,,f,f,f,f,f,f,2019-04-05,,,2019-02-28 11:57:49.973586,,0,SAR,2019-02-28 13:35:41.649131,2019-03-01 08:30:30.941929,f,t,,,,Цена продажи|Цена интернет-магазина|Розничная цена,,,,f,{},,f,1,2,30,t,,,1e1e0181b5889caf3b9b7f5099ee2419,,f,173,,,,,shop-4cd983.constructor.avalab.io,,,,f,24,{},t,71145632-edfa-4b02-925e-073aa94ddc89,2019-09-01 00:25:02.493054,0,t,,,,f,no_presence,no_presence,31,32,31,32,,f,f,,f,f,1,t,f,,,,f,f,,{},0,,,,{},f,f,f,t,by_email_or_phone,notice,f,f,300,t,,,t,,,7,{}
27,store 2,,2019-02-28 07:01:40.889327,2021-02-11 12:07:18.21163,1cbadb08db293c401566aeb5522fe7c9,,,0,USD,new,Доставка<br>пончиков,Выберите блюдо на заказ,Доставка бесплатно от 500 руб.,Выберите из списка блюдо на заказ.,eba0b902-3571-4bd6-8986-b145834fc0d1.png,,,,,,,,shop-753695,,,unknown,f,t,,,SAR,ira@kiiiosk.ru,t,constructor.avalab.io,,{},221,,t,,t,,,9,0,f,2019-08-09 10:37:38.611928,0,http://constructor.avalab.io/,,,,,,t,,f,f,,,,,,t,f,,https://shop-753695.constructor.avalab.io,,2019-03-01 08:00:00.775727,,,,0,0,0,367517,0,USD,0,USD,2019-08-01 11:40:05.09229,,0,,2017-03-22 08:35:57,,,распродаж,,,,,,http://constructor.avalab.io/vendors,f,t,,0,t,f,,,{},auto,last,f,f,f,,94.232.63.201,,,f,,,en,{en},f,,f,,f,,f,,,,,,f,,,,35609223,20740247,,f,,,,,200,,,,,f,f,f,f,f,f,2019-04-05,,,2019-02-28 10:19:40.189066,,0,SAR,2019-02-28 13:34:29.510801,2017-03-22 08:35:57,f,t,,,,Цена продажи|Цена интернет-магазина|Розничная цена,,,,f,{},,f,1,2,30,t,,,eb64e90ccf9bd019df4d7ed7cbdca1d3,,f,184,,,,,shop-753695.constructor.avalab.io,,,,f,24,{},t,af739e72-bb04-4e31-8225-bb1d6d737f1e,2019-09-01 00:25:02.29672,0,t,,,,f,no_presence,no_presence,9,10,9,10,,f,f,,f,f,1,t,f,,,,f,f,,{},0,,,,{},f,f,f,t,by_email_or_phone,notice,f,f,300,t,,,t,,,3,{}
162,Burger House,,2019-12-11 12:12:57.347931,2020-07-05 12:40:04.665663,10f7315e54a5b9284acf44d64f33cb82,,,0,SAR,new,Доставка<br>пончиков,Выберите блюдо на заказ,Доставка бесплатно от 500 руб.,Выберите из списка блюдо на заказ.,8144f184-8b07-4a4a-92cb-b1ef0fb41e92.jpg,,,,,,,,shop-6999de,,,unknown,f,t,,burgerhouse.com,SAR,eduard.kostyrev@avalab.io,t,constructor.avalab.io,,{design},85,,t,,t,,,16,0,t,,0,https://constructor.avalab.io/,,,,,"<a href=""../../pages/24-geidea-online-ordering-solution""><img src=""https://zold-prod.s3.eu-central-1.amazonaws.com/uploads/shop/162/images/Button.png"" /></a>",f,5,f,f,,,,,,t,f,,https://shop-6999de.constructor.avalab.io,,2020-07-05 12:40:04.665663,,,,0,0,0,13643574,0,SAR,0,SAR,2020-06-19 12:44:32.881069,,0,,2020-07-05 09:50:11.113177,,,распродаж,,,,,,https://app.constructor.avalab.io/vendors,f,t,,0,t,f,,,"{USD,SAR}",auto,first,f,f,f,,89.207.217.107,,,f,,,en,{en},f,,f,,f,,f,,"""en""=>""<a href=\""../../pages/24-geidea-online-ordering-solution\""><img src=\""https://zold-prod.s3.eu-central-1.amazonaws.com/uploads/shop/162/images/Button.png\"" /></a>""","""en""=>""""","""en""=>""<a href=\""../categories/83-burgers\""><img src=\""https://zold-prod.s3.eu-central-1.amazonaws.com/uploads/shop/162/images/Cat1.png\"" /></a><a href=\""../categories/84-salads\""><img src=\""https://zold-prod.s3.eu-central-1.amazonaws.com/uploads/shop/162/images/Cat2.png\"" /></a><a href=\""../categories/85-breakfast\""><img src=\""https://zold-prod.s3.eu-central-1.amazonaws.com/uploads/shop/162/images/Cat3.png\"" /></a><a href=\""../categories/86-desserts\""><img src=\""https://zold-prod.s3.eu-central-1.amazonaws.com/uploads/shop/162/images/Cat4.png\"" /></a><a href=\""../categories/87-drinks\""><img src=\""https://zold-prod.s3.eu-central-1.amazonaws.com/uploads/shop/162/images/Cat5.png\"" /></a>""","""en""=>""<table style=\""width: 101.208%; border-collapse: collapse; height: 460px;\"" border=\""0\"">
<tbody>
<tr style=\""height: 460px;\"">
<td style=\""width: 37.174%; height: 460px;\""><span style=\""font-size: 14pt;\""><img style=\""display: block; margin-left: auto; margin-right: auto;\"" src=\""https://zold-prod.s3.eu-central-1.amazonaws.com/uploads/shop/162/images/About.png\"" width=\""458\"" height=\""465\"" />&nbsp;&nbsp;</span></td>
<td style=\""width: 64.0184%; height: 460px;\"">
<p style=\""text-align: justify; padding-left: 25px;\""><span style=\""font-size: 15pt;\""><br /><span style=\""font-size: 14pt;\"">When we put the words burgers, shakes and fries on the outside of our building it&rsquo;s a commitment &ndash; not only to you, but to ourselves to always strive to serve the absolute best. &nbsp;How do we do it? &nbsp;We start with the highest quality ingredients, including fresh never frozen 100% beef, thick-cut Applewood smoked bacon, real Wisconsin cheddar cheese, cage free chicken and premium ice cream and then hand craft them into goodness. We put so much love and passion into our craft, we are willing to put our signature on every plate that leaves our kitchen.</span></span></p>
<p style=\""text-align: justify; padding-left: 25px;\""><br /><a href=\""../pages/24-geidea-online-ordering-solution\""><img src=\""https://zold-prod.s3.eu-central-1.amazonaws.com/uploads/shop/162/images/Button.png\"" /></a><br /><br /><br /><img src=\""https://zold-prod.s3.eu-central-1.amazonaws.com/uploads/shop/162/images/ico-serving-dish.png\"" width=\""80\"" height=\""80\"" />&nbsp; &nbsp; &nbsp; &nbsp; &nbsp; &nbsp; &nbsp; &nbsp; <img src=\""https://zold-prod.s3.eu-central-1.amazonaws.com/uploads/shop/162/images/ico-menu.png\"" width=\""80\"" height=\""80\"" />&nbsp; &nbsp; &nbsp; &nbsp; &nbsp; &nbsp; &nbsp; &nbsp; <img src=\""https://zold-prod.s3.eu-central-1.amazonaws.com/uploads/shop/162/images/ico-scooter.png\"" width=\""80\"" height=\""80\"" /><br /><br /><br /><br /></p>
</td>
</tr>
</tbody>
</table>""",f,,,,,,,f,2021-05-25,2021-05-25,,,200,,,,,f,f,f,f,f,f,,,,2020-05-25 07:48:00.276388,,0,SAR,2019-12-11 12:12:58.586733,2020-06-19 12:07:09.185378,f,t,Burger House,,,Цена продажи|Цена интернет-магазина|Розничная цена,,,2020-06-19 12:44:32.881069,f,{},,f,2,24,30,t,,,8454d342982f3429f64b0454105aaa22,2020-05-25 08:47:09.568765,f,90,,,,,shop-6999de.constructor.avalab.io,,,,f,24,{},t,c7bd22b1-5134-4514-85c4-30bf19582dc2,2020-08-01 00:25:07.809335,0,t,"""en""=>""""",,,f,no_presence,no_presence,280,281,280,281,,f,f,,f,f,1,t,f,,,,t,f,,{5.0},0,,,Moscow,{},f,f,f,t,by_email_or_phone,notice,f,f,300,t,2020-05-25 08:47:09.584201,,t,,,81,{}
36,store 4,,2019-02-28 10:49:58.740585,2021-02-11 12:07:18.408956,971b754da442499df1a197459498f1c7,,,0,USD,new,Доставка<br>пончиков,Выберите блюдо на заказ,Доставка бесплатно от 500 руб.,Выберите из списка блюдо на заказ.,2249199e-d4f3-4318-9488-29aa407efd96.png,,,,,,,,shop-a39acf,,,unknown,f,t,,,SAR,ira@kiiiosk.ru,t,constructor.avalab.io,,{},224,,t,,t,,,6,0,f,2019-08-09 10:37:38.611928,0,http://app.constructor.avalab.io/logout,,,,,,t,,f,f,,,,,,t,f,,https://shop-a39acf.constructor.avalab.io,,2019-03-01 08:49:14.337357,,,,0,0,0,495223,0,USD,0,USD,2019-08-01 11:40:08.683566,,0,,2017-03-22 08:35:57,,,распродаж,,,,,,http://constructor.avalab.io/vendors,f,t,,0,t,f,,,{},auto,last,f,f,f,,94.232.63.201,,,f,,,en,{en},f,,f,,f,,f,,,,,,f,,,,35610793,20741549,,f,,,,,200,,,,,f,f,f,f,f,f,2019-04-05,,,2019-02-28 11:27:41.531295,,0,SAR,2019-02-28 13:35:29.677965,2019-03-01 08:48:52.534608,f,t,,,,Цена продажи|Цена интернет-магазина|Розничная цена,,,,f,{},,f,1,2,30,t,,,640efc0a03ae0631063e36ba96c39311,,f,174,,,,,shop-a39acf.constructor.avalab.io,,,,f,24,{},t,2966fb46-ad0e-487d-99e5-fd4960815a20,2019-09-01 00:25:02.4547,0,t,,,,f,no_presence,no_presence,27,28,27,28,,f,f,,f,f,1,t,f,,,,f,f,,{},0,,,,{},f,f,f,t,by_email_or_phone,notice,f,f,300,t,,,t,,,6,{}
24,store 1,,2019-02-28 07:00:07.678068,2021-02-11 12:07:18.130411,808b6aa944f56d48dec3a51a41c066ad,,,0,USD,new,Доставка<br>пончиков,Выберите блюдо на заказ,Доставка бесплатно от 500 руб.,Выберите из списка блюдо на заказ.,027b9f0b-d6cd-4245-9c5c-c420270cdde9.png,,,,,,,,shop-9e9030,,,unknown,f,t,,,SAR,ira@kiiiosk.ru,t,constructor.avalab.io,,{},220,,t,,t,,,6,0,f,2019-08-09 10:37:38.611928,0,http://zold.store/,,,,,,t,,f,f,,,,,,t,f,,https://shop-9e9030.constructor.avalab.io,,2019-03-09 18:08:49.850474,,,,0,0,0,791642,0,USD,0,USD,2019-08-01 11:40:10.087182,,0,,2017-03-22 08:35:57,,,распродаж,,,,,,http://app.zold.store/vendors,f,t,,0,t,f,,,{USD},auto,last,f,f,f,,109.95.229.49,,,f,,,en,{en},f,,f,,f,,f,,,,,,f,,,,35605013,20736383,,f,,,,,200,,,,,f,f,f,f,f,f,2019-04-05,,,2019-02-28 07:01:40.098566,,0,SAR,2019-02-28 13:33:39.812216,2017-03-22 08:35:57,f,t,,,,Цена продажи|Цена интернет-магазина|Розничная цена,,,,f,{},,f,1,2,30,t,24-desktop20190228-2035-av9098.jpg,24-mobile20190228-2035-14khllj.jpg,49027990b134ae9f9e37f1c6271ccead,,f,-2796202,,,,,shop-9e9030.constructor.avalab.io,,,,f,24,{},t,158af25c-efcc-4788-9261-07a28bc47bbc,2019-09-01 00:25:02.257208,0,t,,,,f,no_presence,no_presence,3,4,3,4,,f,f,,f,f,1,t,f,,,,f,f,,{},0,,,,{},f,f,f,t,by_email_or_phone,notice,f,f,300,t,,,t,,,2,{}
29,demo,,2019-02-28 10:16:19.710288,2021-02-11 12:07:18.285859,7c51d1e025980f6a23199fe94b879d0c,,,0,USD,new,Доставка<br>пончиков,Выберите блюдо на заказ,Доставка бесплатно от 500 руб.,Выберите из списка блюдо на заказ.,0a140ae1-7d0c-4cff-8137-b832f7950142.png,,,,,,,,shop-688756,,,unknown,f,t,,,SAR,ira@kiiiosk.ru,t,constructor.avalab.io,,{},222,,t,,t,,,12,0,f,2019-08-09 10:37:38.611928,0,http://constructor.avalab.io/profile,,,,,,t,,f,f,,,,,,t,f,,https://shop-688756.constructor.avalab.io,,2019-03-01 09:08:03.603773,,,,0,0,0,10245646,0,USD,0,USD,2019-08-01 11:40:09.592951,,0,,2017-03-22 08:35:57,,,распродаж,,,,,,http://app.constructor.avalab.io/vendors,f,t,,0,t,f,,,{USD},auto,last,f,f,f,,94.232.63.201,,,f,,,en,{en},f,,f,,f,,f,,,,,,f,,,,35609921,20740909,,f,,,,,200,,,,,f,f,f,f,f,f,2019-04-05,,,2019-02-28 10:53:51.832651,,0,SAR,2019-02-28 13:34:57.634345,2017-03-22 08:35:57,f,t,,,,Цена продажи|Цена интернет-магазина|Розничная цена,,,,f,{},,f,1,2,30,t,,,045bdf7aca35f0113020ef4c1f9a5e5a,,f,179,,,,,shop-688756.constructor.avalab.io,,,,f,24,{},t,31248184-d7a4-4e6c-b1f2-b202a5632b5e,2019-09-01 00:25:02.378994,0,t,,,,f,no_presence,no_presence,13,14,13,14,,f,f,,f,f,1,t,f,,,,f,f,,{},0,,,,{},f,f,f,t,by_email_or_phone,notice,f,f,300,t,,,t,,,4,{}
33,store 3,,2019-02-28 10:19:40.825047,2021-02-11 12:07:18.352976,4f4fd821001d5a3b248fae40e2d23317,,,0,USD,new,Доставка<br>пончиков,Выберите блюдо на заказ,Доставка бесплатно от 500 руб.,Выберите из списка блюдо на заказ.,af5632e1-6866-4a26-a3a6-d02098b0a4fa.png,,,,,,,,shop-ab5b9c,,,unknown,f,t,,,SAR,ira@kiiiosk.ru,t,constructor.avalab.io,,{},223,,t,,t,,,5,0,f,2019-08-09 10:37:38.611928,0,http://app.constructor.avalab.io/logout,,,,,,t,,f,f,,,,,,t,f,,https://shop-ab5b9c.constructor.avalab.io,,2019-03-01 09:21:56.608476,,,,0,0,0,138507,0,USD,0,USD,2019-08-01 11:40:10.475046,,0,,2017-03-22 08:35:57,,,распродаж,,,,,,http://constructor.avalab.io/vendors,f,t,,0,t,f,,,{USD},auto,last,f,f,f,,94.232.63.201,,,f,,,en,{en},f,,f,,f,,f,,,,,,f,,,,35610563,20741495,,f,,,,,200,,,,,f,f,f,f,f,f,2019-04-05,,,2019-02-28 11:25:03.324618,,0,SAR,2019-02-28 13:35:11.437019,2017-03-22 08:35:57,f,t,,,,Цена продажи|Цена интернет-магазина|Розничная цена,,,,f,{},,f,1,2,30,t,,,390779f867ab3f97fde774edb013ff3c,,f,178,,,,,shop-ab5b9c.constructor.avalab.io,,,,f,24,{},t,2df900ed-d19b-4283-9a08-3b098faadc33,2019-09-01 00:25:02.418985,0,t,,,,f,no_presence,no_presence,21,22,21,22,,f,f,,f,f,1,t,f,,,,f,f,,{},0,,,,{},f,f,f,t,by_email_or_phone,notice,f,f,300,t,,,t,,,5,{}
39,store 6,,2019-02-28 11:25:04.055665,2021-02-11 12:07:18.535835,644e5868874313664a7ee9ed6c2b631d,,,0,USD,new,Доставка<br>пончиков,Выберите блюдо на заказ,Доставка бесплатно от 500 руб.,Выберите из списка блюдо на заказ.,ad10d916-92f3-4863-85a1-15bf8376537a.png,,,,,,,,shop-b2e69a,,,unknown,f,t,,,SAR,ira@kiiiosk.ru,t,constructor.avalab.io,,{},226,,t,,t,,,9,0,f,2019-08-09 10:37:38.611928,0,http://app.constructor.avalab.io/logout,,,,,,t,,f,f,,,,,,t,f,,https://shop-b2e69a.constructor.avalab.io,,2019-03-01 08:44:41.056511,,,,0,0,0,1210789,0,USD,0,USD,2019-08-01 11:40:08.284407,,0,,2017-03-22 08:35:57,,,распродаж,,,,,,http://app.constructor.avalab.io/vendors,f,t,,0,t,f,,,{USD},auto,last,f,f,f,,94.232.63.201,,,f,,,en,{en},f,,f,,f,,f,,,,"""en""=>""""","""en""=>""""",f,,,,35611619,20742255,,f,,,,,200,,,,,f,f,f,f,f,f,2019-04-05,,,2019-02-28 12:06:58.330043,,0,SAR,2019-02-28 13:35:54.708511,2017-03-22 08:35:57,f,t,,,,Цена продажи|Цена интернет-магазина|Розничная цена,,,,f,{},,f,1,29,30,t,,,b4426e9b1749080581706b832d36b70a,,f,172,,,,,shop-b2e69a.constructor.avalab.io,,,,f,24,{},t,76469510-8329-48a5-9ff1-b5ed09a47e01,2019-09-01 00:25:02.543256,0,t,,,,f,no_presence,no_presence,33,34,33,34,,f,f,,f,f,1,t,f,,,,f,f,,{},0,,,,{},f,f,f,t,by_email_or_phone,notice,f,f,300,t,,,t,,,8,{}
